FID,ZPID,ULID
1017001001,100001,1017001
1017001002,100001,1017001
1017001003,100001,1017001
1017001004,100001,1017001
1017001005,100001,1017001
1017001006,100001,1017001
1017001007,100001,1017001
1017001008,100001,1017001
1017001009,100001,1017001
1017001010,100001,1017001
1017001011,100001,1017001
1017001012,100001,1017001
1017001013,100001,1017001
1017001014,100001,1017001
1017001015,100001,1017001
1017001016,100001,1017001
1017001017,100001,1017001
1017001018,100001,1017001
1017001019,100001,1017001
1017001020,100001,1017001
1017001021,100001,1017001
1017001022,100001,1017001
1017001023,100001,1017001
1017001024,100001,1017001
1017001025,100001,1017001
1017002001,100001,1017002
1017002002,100001,1017002
1017002003,100001,1017002
1017002004,100001,1017002
1017002005,100001,1017002
1017002006,100001,1017002
1017002007,100001,1017002
1017002008,100001,1017002
1017002009,100001,1017002
1017002010,100001,1017002
1017002011,100001,1017002
1017002012,100001,1017002
1017002013,100001,1017002
1017002014,100001,1017002
1017002015,100001,1017002
1017002016,100001,1017002
1017002017,100001,1017002
1017002018,100001,1017002
1017002019,100001,1017002
1017002020,100001,1017002
1017002021,100001,1017002
1017002022,100001,1017002
1017002023,100001,1017002
1017002024,100001,1017002
1017002025,100001,1017002
1017003001,100002,1017003
1017003002,100002,1017003
1017003003,100002,1017003
1017003004,100002,1017003
1017003005,100002,1017003
1017003006,100002,1017003
1017003007,100002,1017003
1017003008,100002,1017003
1017003009,100002,1017003
1017003010,100002,1017003
1017003011,100002,1017003
1017003012,100002,1017003
1017003013,100002,1017003
1017004001,100002,1017004
1017004002,100002,1017004
1017004003,100002,1017004
1017004004,100002,1017004
1017004005,100002,1017004
1017004006,100002,1017004
1017004007,100002,1017004
1017004008,100002,1017004
1017004009,100002,1017004
1017004010,100002,1017004
1017004011,100002,1017004
1017004012,100002,1017004
1017004013,100002,1017004
1018001001,100001,1018001
1018001002,100001,1018001
1018001003,100001,1018001
1018001004,100001,1018001
1018001005,100001,1018001
1018001006,100001,1018001
1018001007,100001,1018001
1018001008,100001,1018001
1018001009,100001,1018001
1018001010,100001,1018001
1018001011,100001,1018001
1018001012,100001,1018001
1018001013,100001,1018001
1018001014,100001,1018001
1018001015,100001,1018001
1018001016,100001,1018001
1018001017,100001,1018001
1018001018,100001,1018001
1018001019,100001,1018001
1018001020,100001,1018001
1018001021,100001,1018001
1018001022,100001,1018001
1018001023,100001,1018001
1018001024,100001,1018001
1018001025,100001,1018001
1018001026,100001,1018001
1018001027,100001,1018001
1018001028,100001,1018001
1018001029,100001,1018001
1018001030,100001,1018001
1018001031,100001,1018001
1018001032,100001,1018001
1018001033,100001,1018001
1018001034,100001,1018001
1018001035,100001,1018001
1018001036,100001,1018001
1018001037,100001,1018001
1018001038,100001,1018001
1018001039,100001,1018001
1018001040,100001,1018001
1018001041,100001,1018001
1018002001,100001,1018002
1018002002,100001,1018002
1018002003,100001,1018002
1018002004,100001,1018002
1018002005,100001,1018002
1018002006,100001,1018002
1018002007,100001,1018002
1018002008,100001,1018002
1018002009,100001,1018002
1018002010,100001,1018002
1018002011,100001,1018002
1018002012,100001,1018002
1018002013,100001,1018002
1018002014,100001,1018002
1018002015,100001,1018002
1018002016,100001,1018002
1018002017,100001,1018002
1018002018,100001,1018002
1018002019,100001,1018002
1018002020,100001,1018002
1018002021,100001,1018002
1018002022,100001,1018002
1018002023,100001,1018002
1018002024,100001,1018002
1018002025,100001,1018002
1018002026,100001,1018002
1018002027,100001,1018002
1018002028,100001,1018002
1018002029,100001,1018002
1018002030,100001,1018002
1018002031,100001,1018002
1018002032,100001,1018002
1018002033,100001,1018002
1018002034,100001,1018002
1018002035,100001,1018002
1018002036,100001,1018002
1018002037,100001,1018002
1018002038,100001,1018002
1018002039,100001,1018002
1018002040,100001,1018002
1018002041,100001,1018002
1018003001,100002,1018003
1018003002,100002,1018003
1018003003,100002,1018003
1018003004,100002,1018003
1018003005,100002,1018003
1018003006,100002,1018003
1018003007,100002,1018003
1018003008,100002,1018003
1018003009,100002,1018003
1018003010,100002,1018003
1018003011,100002,1018003
1018003012,100002,1018003
1018003013,100002,1018003
1018003014,100002,1018003
1018003015,100002,1018003
1018003016,100002,1018003
1018003017,100002,1018003
1018003018,100002,1018003
1018003019,100002,1018003
1018003020,100002,1018003
1018003021,100002,1018003
1018004001,100002,1018004
1018004002,100002,1018004
1018004003,100002,1018004
1018004004,100002,1018004
1018004005,100002,1018004
1018004006,100002,1018004
1018004007,100002,1018004
1018004008,100002,1018004
1018004009,100002,1018004
1018004010,100002,1018004
1018004011,100002,1018004
1018004012,100002,1018004
1018004013,100002,1018004
1018004014,100002,1018004
1018004015,100002,1018004
1018004016,100002,1018004
1018004017,100002,1018004
1018004018,100002,1018004
1018004019,100002,1018004
1018004020,100002,1018004
1018004021,100002,1018004
1019001001,100001,1019001
1019001002,100001,1019001
1019001003,100001,1019001
1019001004,100001,1019001
1019001005,100001,1019001
1019001006,100001,1019001
1019001007,100001,1019001
1019001008,100001,1019001
1019001009,100001,1019001
1019001010,100001,1019001
1019001011,100001,1019001
1019001012,100001,1019001
1019001013,100001,1019001
1019001014,100001,1019001
1019001015,100001,1019001
1019001016,100001,1019001
1019001017,100001,1019001
1019001018,100001,1019001
1019001019,100001,1019001
1019001020,100001,1019001
1019001021,100001,1019001
1019001022,100001,1019001
1019001023,100001,1019001
1019001024,100001,1019001
1019001025,100001,1019001
1019002001,100001,1019002
1019002002,100001,1019002
1019002003,100001,1019002
1019002004,100001,1019002
1019002005,100001,1019002
1019002006,100001,1019002
1019002007,100001,1019002
1019002008,100001,1019002
1019002009,100001,1019002
1019002010,100001,1019002
1019002011,100001,1019002
1019002012,100001,1019002
1019002013,100001,1019002
1019002014,100001,1019002
1019002015,100001,1019002
1019002016,100001,1019002
1019002017,100001,1019002
1019002018,100001,1019002
1019002019,100001,1019002
1019002020,100001,1019002
1019002021,100001,1019002
1019002022,100001,1019002
1019002023,100001,1019002
1019002024,100001,1019002
1019002025,100001,1019002
1019003001,100002,1019003
1019003002,100002,1019003
1019003003,100002,1019003
1019003004,100002,1019003
1019003005,100002,1019003
1019003006,100002,1019003
1019003007,100002,1019003
1019003008,100002,1019003
1019003009,100002,1019003
1019003010,100002,1019003
1019003011,100002,1019003
1019003012,100002,1019003
1019003013,100002,1019003
1019004001,100002,1019004
1019004002,100002,1019004
1019004003,100002,1019004
1019004004,100002,1019004
1019004005,100002,1019004
1019004006,100002,1019004
1019004007,100002,1019004
1019004008,100002,1019004
1019004009,100002,1019004
1019004010,100002,1019004
1019004011,100002,1019004
1019004012,100002,1019004
1019004013,100002,1019004
1020001001,100001,1020001
1020001002,100001,1020001
1020001003,100001,1020001
1020001004,100001,1020001
1020001005,100001,1020001
1020001006,100001,1020001
1020001007,100001,1020001
1020001008,100001,1020001
1020001009,100001,1020001
1020001010,100001,1020001
1020001011,100001,1020001
1020001012,100001,1020001
1020001013,100001,1020001
1020001014,100001,1020001
1020001015,100001,1020001
1020001016,100001,1020001
1020001017,100001,1020001
1020001018,100001,1020001
1020001019,100001,1020001
1020001020,100001,1020001
1020001021,100001,1020001
1020001022,100001,1020001
1020001023,100001,1020001
1020001024,100001,1020001
1020001025,100001,1020001
1020002001,100001,1020002
1020002002,100001,1020002
1020002003,100001,1020002
1020002004,100001,1020002
1020002005,100001,1020002
1020002006,100001,1020002
1020002007,100001,1020002
1020002008,100001,1020002
1020002009,100001,1020002
1020002010,100001,1020002
1020002011,100001,1020002
1020002012,100001,1020002
1020002013,100001,1020002
1020002014,100001,1020002
1020002015,100001,1020002
1020002016,100001,1020002
1020002017,100001,1020002
1020002018,100001,1020002
1020002019,100001,1020002
1020002020,100001,1020002
1020002021,100001,1020002
1020002022,100001,1020002
1020002023,100001,1020002
1020002024,100001,1020002
1020002025,100001,1020002
1020003001,100002,1020003
1020003002,100002,1020003
1020003003,100002,1020003
1020003004,100002,1020003
1020003005,100002,1020003
1020003006,100002,1020003
1020003007,100002,1020003
1020003008,100002,1020003
1020003009,100002,1020003
1020003010,100002,1020003
1020003011,100002,1020003
1020003012,100002,1020003
1020003013,100002,1020003
1020004001,100002,1020004
1020004002,100002,1020004
1020004003,100002,1020004
1020004004,100002,1020004
1020004005,100002,1020004
1020004006,100002,1020004
1020004007,100002,1020004
1020004008,100002,1020004
1020004009,100002,1020004
1020004010,100002,1020004
1020004011,100002,1020004
1020004012,100002,1020004
1020004013,100002,1020004
1021001001,100001,1021001
1021001002,100001,1021001
1021001003,100001,1021001
1021001004,100001,1021001
1021001005,100001,1021001
1021001006,100001,1021001
1021001007,100001,1021001
1021001008,100001,1021001
1021001009,100001,1021001
1021001010,100001,1021001
1021001011,100001,1021001
1021001012,100001,1021001
1021001013,100001,1021001
1021002001,100001,1021002
1021002002,100001,1021002
1021002003,100001,1021002
1021002004,100001,1021002
1021002005,100001,1021002
1021002006,100001,1021002
1021002007,100001,1021002
1021002008,100001,1021002
1021002009,100001,1021002
1021002010,100001,1021002
1021002011,100001,1021002
1021002012,100001,1021002
1021002013,100001,1021002
1021003001,100002,1021003
1021003002,100002,1021003
1021003003,100002,1021003
1021003004,100002,1021003
1021003005,100002,1021003
1021003006,100002,1021003
1021003007,100002,1021003
1021004001,100002,1021004
1021004002,100002,1021004
1021004003,100002,1021004
1021004004,100002,1021004
1021004005,100002,1021004
1021004006,100002,1021004
1021004007,100002,1021004
1022001001,100001,1022001
1022001002,100001,1022001
1022001003,100001,1022001
1022001004,100001,1022001
1022001005,100001,1022001
1022001006,100001,1022001
1022001007,100001,1022001
1022001008,100001,1022001
1022001009,100001,1022001
1022001010,100001,1022001
1022001011,100001,1022001
1022001012,100001,1022001
1022001013,100001,1022001
1022002001,100001,1022002
1022002002,100001,1022002
1022002003,100001,1022002
1022002004,100001,1022002
1022002005,100001,1022002
1022002006,100001,1022002
1022002007,100001,1022002
1022002008,100001,1022002
1022002009,100001,1022002
1022002010,100001,1022002
1022002011,100001,1022002
1022002012,100001,1022002
1022002013,100001,1022002
1022003001,100002,1022003
1022003002,100002,1022003
1022003003,100002,1022003
1022003004,100002,1022003
1022003005,100002,1022003
1022003006,100002,1022003
1022003007,100002,1022003
1022004001,100002,1022004
1022004002,100002,1022004
1022004003,100002,1022004
1022004004,100002,1022004
1022004005,100002,1022004
1022004006,100002,1022004
1022004007,100002,1022004
1023001001,100001,1023001
1023001002,100001,1023001
1023001003,100001,1023001
1023001004,100001,1023001
1023001005,100001,1023001
1023001006,100001,1023001
1023001007,100001,1023001
1023001008,100001,1023001
1023001009,100001,1023001
1023001010,100001,1023001
1023001011,100001,1023001
1023001012,100001,1023001
1023001013,100001,1023001
1023001014,100001,1023001
1023001015,100001,1023001
1023001016,100001,1023001
1023001017,100001,1023001
1023001018,100001,1023001
1023001019,100001,1023001
1023001020,100001,1023001
1023001021,100001,1023001
1023001022,100001,1023001
1023001023,100001,1023001
1023001024,100001,1023001
1023001025,100001,1023001
1023002001,100001,1023002
1023002002,100001,1023002
1023002003,100001,1023002
1023002004,100001,1023002
1023002005,100001,1023002
1023002006,100001,1023002
1023002007,100001,1023002
1023002008,100001,1023002
1023002009,100001,1023002
1023002010,100001,1023002
1023002011,100001,1023002
1023002012,100001,1023002
1023002013,100001,1023002
1023002014,100001,1023002
1023002015,100001,1023002
1023002016,100001,1023002
1023002017,100001,1023002
1023002018,100001,1023002
1023002019,100001,1023002
1023002020,100001,1023002
1023002021,100001,1023002
1023002022,100001,1023002
1023002023,100001,1023002
1023002024,100001,1023002
1023002025,100001,1023002
1023003001,100002,1023003
1023003002,100002,1023003
1023003003,100002,1023003
1023003004,100002,1023003
1023003005,100002,1023003
1023003006,100002,1023003
1023003007,100002,1023003
1023003008,100002,1023003
1023003009,100002,1023003
1023003010,100002,1023003
1023003011,100002,1023003
1023003012,100002,1023003
1023003013,100002,1023003
1023004001,100002,1023004
1023004002,100002,1023004
1023004003,100002,1023004
1023004004,100002,1023004
1023004005,100002,1023004
1023004006,100002,1023004
1023004007,100002,1023004
1023004008,100002,1023004
1023004009,100002,1023004
1023004010,100002,1023004
1023004011,100002,1023004
1023004012,100002,1023004
1023004013,100002,1023004
1024001001,100001,1024001
1024001002,100001,1024001
1024001003,100001,1024001
1024001004,100001,1024001
1024001005,100001,1024001
1024001006,100001,1024001
1024001007,100001,1024001
1024001008,100001,1024001
1024001009,100001,1024001
1024001010,100001,1024001
1024001011,100001,1024001
1024001012,100001,1024001
1024001013,100001,1024001
1024001014,100001,1024001
1024001015,100001,1024001
1024001016,100001,1024001
1024001017,100001,1024001
1024001018,100001,1024001
1024001019,100001,1024001
1024001020,100001,1024001
1024001021,100001,1024001
1024001022,100001,1024001
1024001023,100001,1024001
1024001024,100001,1024001
1024001025,100001,1024001
1024001026,100001,1024001
1024001027,100001,1024001
1024001028,100001,1024001
1024001029,100001,1024001
1024001030,100001,1024001
1024001031,100001,1024001
1024002001,100001,1024002
1024002002,100001,1024002
1024002003,100001,1024002
1024002004,100001,1024002
1024002005,100001,1024002
1024002006,100001,1024002
1024002007,100001,1024002
1024002008,100001,1024002
1024002009,100001,1024002
1024002010,100001,1024002
1024002011,100001,1024002
1024002012,100001,1024002
1024002013,100001,1024002
1024002014,100001,1024002
1024002015,100001,1024002
1024002016,100001,1024002
1024002017,100001,1024002
1024002018,100001,1024002
1024002019,100001,1024002
1024002020,100001,1024002
1024002021,100001,1024002
1024002022,100001,1024002
1024002023,100001,1024002
1024002024,100001,1024002
1024002025,100001,1024002
1024002026,100001,1024002
1024002027,100001,1024002
1024002028,100001,1024002
1024002029,100001,1024002
1024002030,100001,1024002
1024002031,100001,1024002
1024003001,100002,1024003
1024003002,100002,1024003
1024003003,100002,1024003
1024003004,100002,1024003
1024003005,100002,1024003
1024003006,100002,1024003
1024003007,100002,1024003
1024003008,100002,1024003
1024003009,100002,1024003
1024003010,100002,1024003
1024003011,100002,1024003
1024003012,100002,1024003
1024003013,100002,1024003
1024003014,100002,1024003
1024003015,100002,1024003
1024003016,100002,1024003
1024004001,100002,1024004
1024004002,100002,1024004
1024004003,100002,1024004
1024004004,100002,1024004
1024004005,100002,1024004
1024004006,100002,1024004
1024004007,100002,1024004
1024004008,100002,1024004
1024004009,100002,1024004
1024004010,100002,1024004
1024004011,100002,1024004
1024004012,100002,1024004
1024004013,100002,1024004
1024004014,100002,1024004
1024004015,100002,1024004
1024004016,100002,1024004
1025001001,100001,1025001
1025001002,100001,1025001
1025001003,100001,1025001
1025001004,100001,1025001
1025001005,100001,1025001
1025001006,100001,1025001
1025001007,100001,1025001
1025001008,100001,1025001
1025001009,100001,1025001
1025001010,100001,1025001
1025001011,100001,1025001
1025001012,100001,1025001
1025001013,100001,1025001
1025001014,100001,1025001
1025001015,100001,1025001
1025001016,100001,1025001
1025001017,100001,1025001
1025001018,100001,1025001
1025001019,100001,1025001
1025001020,100001,1025001
1025001021,100001,1025001
1025002001,100001,1025002
1025002002,100001,1025002
1025002003,100001,1025002
1025002004,100001,1025002
1025002005,100001,1025002
1025002006,100001,1025002
1025002007,100001,1025002
1025002008,100001,1025002
1025002009,100001,1025002
1025002010,100001,1025002
1025002011,100001,1025002
1025002012,100001,1025002
1025002013,100001,1025002
1025002014,100001,1025002
1025002015,100001,1025002
1025002016,100001,1025002
1025002017,100001,1025002
1025002018,100001,1025002
1025002019,100001,1025002
1025002020,100001,1025002
1025002021,100001,1025002
1025003001,100002,1025003
1025003002,100002,1025003
1025003003,100002,1025003
1025003004,100002,1025003
1025003005,100002,1025003
1025003006,100002,1025003
1025003007,100002,1025003
1025003008,100002,1025003
1025003009,100002,1025003
1025003010,100002,1025003
1025003011,100002,1025003
1025004001,100002,1025004
1025004002,100002,1025004
1025004003,100002,1025004
1025004004,100002,1025004
1025004005,100002,1025004
1025004006,100002,1025004
1025004007,100002,1025004
1025004008,100002,1025004
1025004009,100002,1025004
1025004010,100002,1025004
1025004011,100002,1025004
1026001001,100001,1026001
1026001002,100001,1026001
1026001003,100001,1026001
1026001004,100001,1026001
1026001005,100001,1026001
1026001006,100001,1026001
1026001007,100001,1026001
1026001008,100001,1026001
1026001009,100001,1026001
1026001010,100001,1026001
1026001011,100001,1026001
1026001012,100001,1026001
1026001013,100001,1026001
1026001014,100001,1026001
1026001015,100001,1026001
1026001016,100001,1026001
1026001017,100001,1026001
1026001018,100001,1026001
1026001019,100001,1026001
1026001020,100001,1026001
1026001021,100001,1026001
1026001022,100001,1026001
1026001023,100001,1026001
1026001024,100001,1026001
1026001025,100001,1026001
1026001026,100001,1026001
1026001027,100001,1026001
1026001028,100001,1026001
1026001029,100001,1026001
1026001030,100001,1026001
1026001031,100001,1026001
1026001032,100001,1026001
1026001033,100001,1026001
1026001034,100001,1026001
1026001035,100001,1026001
1026001036,100001,1026001
1026001037,100001,1026001
1026001038,100001,1026001
1026001039,100001,1026001
1026001040,100001,1026001
1026001041,100001,1026001
1026002001,100001,1026002
1026002002,100001,1026002
1026002003,100001,1026002
1026002004,100001,1026002
1026002005,100001,1026002
1026002006,100001,1026002
1026002007,100001,1026002
1026002008,100001,1026002
1026002009,100001,1026002
1026002010,100001,1026002
1026002011,100001,1026002
1026002012,100001,1026002
1026002013,100001,1026002
1026002014,100001,1026002
1026002015,100001,1026002
1026002016,100001,1026002
1026002017,100001,1026002
1026002018,100001,1026002
1026002019,100001,1026002
1026002020,100001,1026002
1026002021,100001,1026002
1026002022,100001,1026002
1026002023,100001,1026002
1026002024,100001,1026002
1026002025,100001,1026002
1026002026,100001,1026002
1026002027,100001,1026002
1026002028,100001,1026002
1026002029,100001,1026002
1026002030,100001,1026002
1026002031,100001,1026002
1026002032,100001,1026002
1026002033,100001,1026002
1026002034,100001,1026002
1026002035,100001,1026002
1026002036,100001,1026002
1026002037,100001,1026002
1026002038,100001,1026002
1026002039,100001,1026002
1026002040,100001,1026002
1026002041,100001,1026002
1026003001,100002,1026003
1026003002,100002,1026003
1026003003,100002,1026003
1026003004,100002,1026003
1026003005,100002,1026003
1026003006,100002,1026003
1026003007,100002,1026003
1026003008,100002,1026003
1026003009,100002,1026003
1026003010,100002,1026003
1026003011,100002,1026003
1026003012,100002,1026003
1026003013,100002,1026003
1026003014,100002,1026003
1026003015,100002,1026003
1026003016,100002,1026003
1026003017,100002,1026003
1026003018,100002,1026003
1026003019,100002,1026003
1026003020,100002,1026003
1026003021,100002,1026003
1026004001,100002,1026004
1026004002,100002,1026004
1026004003,100002,1026004
1026004004,100002,1026004
1026004005,100002,1026004
1026004006,100002,1026004
1026004007,100002,1026004
1026004008,100002,1026004
1026004009,100002,1026004
1026004010,100002,1026004
1026004011,100002,1026004
1026004012,100002,1026004
1026004013,100002,1026004
1026004014,100002,1026004
1026004015,100002,1026004
1026004016,100002,1026004
1026004017,100002,1026004
1026004018,100002,1026004
1026004019,100002,1026004
1026004020,100002,1026004
1026004021,100002,1026004
