HID_A,HID_B
10001,10263
10145,10240
10145,10294
10145,10317
10146,10200
10148,10189
10149,10253
10150,10267
10151,10271
10152,10291
10153,10248
10154,10281
10155,10145
10156,10232
10157,10280
10159,10215
10160,10236
10162,10313
10164,10255
10166,10296
10168,10205
10169,10273
10170,10295
10171,10249
10172,10186
10175,10237
10176,10239
10179,10208
10179,10223
10180,10319
10181,10247
10182,10318
10184,10169
10185,10165
10186,10249
10187,10303
10188,10189
10188,10312
10189,10195
10189,10220
10190,10314
10191,10207
10192,10172
10193,10285
10193,10302
10194,10218
10195,10209
10196,10228
10197,10183
10198,10277
10199,10274
10200,10147
10201,10264
10202,10227
10203,10213
10204,10193
10205,10300
10206,10188
10207,10175
10208,10204
10209,10152
10209,10242
10210,10292
10211,10284
10212,10150
10213,10268
10214,10148
10215,10308
10216,10201
10216,10246
10217,10254
10218,10160
10219,10243
10220,10303
10221,10301
10222,10241
10222,10260
10223,10309
10224,10322
10225,10305
10226,10155
10227,10252
10228,10298
10228,10307
10229,10209
10230,10197
10232,10221
10233,10199
10234,10001
10235,10184
10236,10279
10237,10238
10238,10202
10239,10206
10240,10259
10241,10305
10242,10180
10243,10258
10243,10278
10245,10179
10245,10310
10246,10264
10247,10293
10248,10196
10249,10262
10249,10299
10250,10157
10251,10233
10252,10231
10253,10159
10254,10222
10254,10260
10255,10216
10256,10156
10257,10164
10258,10226
10259,10304
10260,10176
10260,10216
10261,10297
10262,10269
10263,10265
10264,10320
10265,10290
10266,10244
10267,10261
10268,10266
10269,10211
10270,10230
10271,10269
10272,10250
10273,10276
10274,10194
10275,10224
10276,10254
10277,10203
10278,10222
10279,10228
10280,10173
10281,10188
10282,10181
10283,10171
10284,10272
10285,10256
10286,10275
10287,10145
10288,10190
10289,10323
10291,10198
10292,10149
10293,10270
10294,10306
10295,10219
10296,10315
10297,10283
10298,10243
10299,10282
10300,10287
10301,10286
10302,10234
10303,10229
10303,10245
10304,10225
10305,10212
10305,10257
10306,10316
10307,10217
10308,10191
10309,10192
10311,10235
10312,10264
10313,10168
10314,10151
10315,10214
10316,10210
10317,10288
10318,10311
10319,10193
10320,10179
10320,10187
10320,10245
10321,10251
10322,10185
10323,10321
