ULID,LID
1017001,1017
1017003,1017
1018001,1018
1018003,1018
1019001,1019
1019003,1019
1020001,1020
1020003,1020
1021001,1021
1021003,1021
1022001,1022
1022003,1022
1023001,1023
1023003,1023
1024001,1024
1024003,1024
1025001,1025
1025003,1025
1026001,1026
1026003,1026
1017002,1017
1017004,1017
1018002,1018
1018004,1018
1019002,1019
1019004,1019
1020002,1020
1020004,1020
1021002,1021
1021004,1021
1022002,1022
1022004,1022
1023002,1023
1023004,1023
1024002,1024
1024004,1024
1025002,1025
1025004,1025
1026002,1026
1026004,1026
